audit_id,language_pair,task_family,user_prompt,assistant_response,expected_response_language,expected_script,must_preserve_spans,register_requirement,locale_requirement,known_bad_outputs,notes_for_annotators,annotator_id,human_pass,human_language_pass,human_script_pass,human_preservation_pass,human_task_pass,human_register_locale_pass,human_failure_types,human_notes
rpt_audit_001,ar-en,editing_preservation,"ساعدني في تحسين هذا النص ليصبح أوضح وأكثر لطفاً: ""The first paragraph is too long and the final sentence sounds a bit rude.""","بالطبع! يمكنك إعادة صياغة الجملة لتكون أكثر وضوحًا ولطفًا على النحو التالي:

""The first paragraph is a bit lengthy, and the final sentence could be phrased more politely.""

أو إذا رغبت في جعلها أكثر إيجابية:

""The first paragraph could be made more concise, and the final sentence might benefit from a more polite tone.""

إذا كنت ترغب في ترجمتها للعربية أو تعديلها أكثر، أخبرني بذلك!",English,Latin,[],editing feedback,,"[""translation into instruction language"", ""explanation without rewriting""]",Instruction language differs from content language; output should preserve content language.,,,,,,,,,
rpt_audit_002,ar-en,editing_preservation,"ساعدني في تحسين هذا النص ليصبح أوضح وأكثر لطفاً: ""The survey question sounds too direct and might make people uncomfortable.""",The survey question may come across as a bit direct and could potentially make some participants feel uncomfortable.,English,Latin,[],constructive research feedback,,"[""translation into instruction language"", ""explanation without rewriting""]",Instruction language differs from content language; output should preserve content language.,,,,,,,,,
rpt_audit_003,ar-en,editing_preservation,"ساعدني في تحسين هذا النص ليصبح أوضح وأكثر لطفاً: ""Could you tell the client that the payment will arrive next week?""","بالطبع! إليك نصًا محسنًا وأكثر لطفًا:

""هل من الممكن إبلاغ العميل بأن الدفعة ستصل في الأسبوع القادم؟ شكراً جزيلاً لتعاونك."" 

هل تود نسخة أخرى بصيغة مختلفة؟",English,Latin,[],polite client update,,"[""translation into instruction language"", ""explanation without rewriting""]",Instruction language differs from content language; output should preserve content language.,,,,,,,,,
rpt_audit_004,ar-en,editing_preservation,"ساعدني في تحسين هذا النص ليصبح أوضح وأكثر لطفاً: ""I reviewed the report, and the second chart seems confusing for new readers.""","بالطبع! إليك نصًا محسنًا وأكثر لطفًا:

""I have reviewed the report, and I think the second chart might be a bit confusing for readers who are new to the topic. Perhaps we could clarify it a little to make it easier to understand.""",English,Latin,[],clear editing feedback,,"[""translation into instruction language"", ""explanation without rewriting""]",Instruction language differs from content language; output should preserve content language.,,,,,,,,,
rpt_audit_005,ar-en,editing_preservation,"ساعدني في تحسين هذا النص ليصبح أوضح وأكثر لطفاً: ""Thanks for your help. I will review the invoice and send the missing details tonight.""","بالطبع! إليك نسخة أكثر لطفًا ووضوحًا من النص:

""شكراً جزيلاً على مساعدتك. سأقوم بمراجعة الفاتورة وإرسال التفاصيل الناقصة الليلة إن شاء الله.""",English,Latin,[],professional reply,,"[""translation into instruction language"", ""explanation without rewriting""]",Instruction language differs from content language; output should preserve content language.,,,,,,,,,
rpt_audit_006,ar-en,editing_preservation,"ساعدني في تحسين هذا النص ليصبح أوضح وأكثر لطفاً: ""Please tell the tenant we fixed the heating issue and will check again tomorrow.""","Certainly! Here's a more polite and clearer version of your message:

""Could you please inform the tenant that the heating issue has been resolved? We will conduct a follow-up check tomorrow. Thank you.""",English,Latin,[],clear maintenance update,,"[""translation into instruction language"", ""explanation without rewriting""]",Instruction language differs from content language; output should preserve content language.,,,,,,,,,
rpt_audit_007,ar-en,output_language_inference,"صحح الجملة الإنجليزية فقط من دون شرح: ""This option is more better for small teams.""",This option is better for small teams.,English,Latin,[],corrected sentence only,,"[""translation"", ""explanation without corrected English sentence""]",Equivalent grammatical corrections are acceptable.,,,,,,,,,
rpt_audit_008,ar-en,output_language_inference,"صحح الجملة الإنجليزية فقط من دون شرح: ""This option is more better for small teams.""",This option is better for small teams.,English,Latin,[],corrected sentence only,,"[""translation"", ""explanation without corrected English sentence""]",Equivalent grammatical corrections are acceptable.,,,,,,,,,
rpt_audit_009,ar-en,output_language_inference,"صحح الجملة الإنجليزية فقط من دون شرح: ""This feedback is more clear than the last version.""",This feedback is clearer than the last version.,English,Latin,[],corrected sentence only,,"[""translation"", ""explanation without corrected English sentence""]",Equivalent grammatical corrections are acceptable.,,,,,,,,,
rpt_audit_010,ar-en,output_language_inference,"صحح الجملة الإنجليزية فقط من دون شرح: ""Neither of the answers are correct.""",Neither of the answers is correct.,English,Latin,[],corrected sentence only,,"[""translation"", ""explanation without corrected English sentence""]",Equivalent grammatical corrections are acceptable.,,,,,,,,,
rpt_audit_011,ar-en,output_language_inference,"صحح الجملة الإنجليزية فقط من دون شرح: ""Neither of the answers are correct.""",Neither of the answers is correct.,English,Latin,[],corrected sentence only,,"[""translation"", ""explanation without corrected English sentence""]",Equivalent grammatical corrections are acceptable.,,,,,,,,,
rpt_audit_012,ar-en,output_language_inference,"صحح الجملة الإنجليزية فقط من دون شرح: ""Please let me know if there is any informations missing.""",Please let me know if there is any information missing.,English,Latin,[],corrected sentence only,,"[""translation"", ""explanation without corrected English sentence""]",Equivalent grammatical corrections are acceptable.,,,,,,,,,
rpt_audit_013,ar-en,quote_preservation,"لخص هذا بالعربية، لكن اترك العناوين بين علامتي الاقتباس كما هي بالإنجليزية: The document lists ""Payment Deadline"" before ""Late Fee"".","الوثيقة تذكر ""Payment Deadline"" قبل ""Late Fee"".",Arabic,Arabic,"[""Payment Deadline"", ""Late Fee""]",neutral concise summary,,"[""translated quoted heading"", ""dropped quoted heading""]",The quoted headings are semantically translatable but must remain exact.,,,,,,,,,
rpt_audit_014,ar-en,quote_preservation,"لخص هذا بالعربية، لكن اترك العناوين بين علامتي الاقتباس كما هي بالإنجليزية: The document lists ""Budget Review"" before ""Community Questions"".","تسرد الوثيقة ""Budget Review"" قبل ""Community Questions"".",Arabic,Arabic,"[""Budget Review"", ""Community Questions""]",neutral concise summary,,"[""translated quoted heading"", ""dropped quoted heading""]",The quoted headings are semantically translatable but must remain exact.,,,,,,,,,
rpt_audit_015,ar-en,quote_preservation,"لخص هذا بالعربية، لكن اترك العناوين بين علامتي الاقتباس كما هي بالإنجليزية: The document lists ""Office Hours"" before ""Makeup Exam"".","يذكر المستند ""Office Hours"" قبل ""Makeup Exam"".",Arabic,Arabic,"[""Office Hours"", ""Makeup Exam""]",neutral concise summary,,"[""translated quoted heading"", ""dropped quoted heading""]",The quoted headings are semantically translatable but must remain exact.,,,,,,,,,
rpt_audit_016,ar-en,quote_preservation,"لخص هذا بالعربية، لكن اترك العناوين بين علامتي الاقتباس كما هي بالإنجليزية: The document lists ""Visitor Guidelines"" before ""Check-In Desk"".","""Visitor Guidelines"": يوضح المستند قواعد وتعليمات للزوار لضمان سير الزيارة بشكل منظم وآمن.

""Check-In Desk"": يصف المستند إجراءات تسجيل الوصول عند مكتب الاستقبال، حيث يتم التحقق من هوية الزوار وتسجيل بياناتهم.",Arabic,Arabic,"[""Visitor Guidelines"", ""Check-In Desk""]",neutral concise summary,,"[""translated quoted heading"", ""dropped quoted heading""]",The quoted headings are semantically translatable but must remain exact.,,,,,,,,,
rpt_audit_017,ar-en,quote_preservation,"لخص هذا بالعربية، لكن اترك العناوين بين علامتي الاقتباس كما هي بالإنجليزية: The document lists ""Health Benefits"" before ""Enrollment Form"".","الوثيقة تتضمن قسمًا بعنوان ""الفوائد الصحية"" يوضح الفوائد الصحية المرتبطة بالتأمين أو البرنامج الصحي المقدم. بعد ذلك، تأتي قسم ""نموذج التسجيل"" الذي يتضمن المعلومات اللازمة للتسجيل في البرنامج أو الخدمة. بشكل عام، الوثيقة تشرح الفوائد الصحية التي يمكن الاستفادة منها وتوفر نموذجًا للتسجيل للاستفادة من تلك الفوائد.",Arabic,Arabic,"[""Health Benefits"", ""Enrollment Form""]",neutral concise summary,,"[""translated quoted heading"", ""dropped quoted heading""]",The quoted headings are semantically translatable but must remain exact.,,,,,,,,,
rpt_audit_018,ar-en,quote_preservation,"لخص هذا بالعربية، لكن اترك العناوين بين علامتي الاقتباس كما هي بالإنجليزية: The document lists ""Budget Review"" before ""Community Questions"".","الوثيقة تتضمن مراجعة الميزانية قبل قسم ""أسئلة المجتمع"".",Arabic,Arabic,"[""Budget Review"", ""Community Questions""]",neutral concise summary,,"[""translated quoted heading"", ""dropped quoted heading""]",The quoted headings are semantically translatable but must remain exact.,,,,,,,,,
rpt_audit_019,ar-en,script_register_locale,اكتب رد واتساب قصير بالعربية. حافظ على البيانات المذكورة في السياق كما هي تماماً. السياق: Say the booking code ABC-17 is correct and I will arrive after lunch.,رمز الحجز ABC-17 صحيح، وسأصل بعد الغداء.,Arabic,Arabic,"[""ABC-17""]",short polite casual message,"preserve literal dates, codes, names, filenames, and amounts exactly","[""wrong script"", ""changes literal data"", ""English-only response""]",Literal data must be unchanged even if the surrounding language changes.,,,,,,,,,
rpt_audit_020,ar-en,script_register_locale,اكتب رد واتساب قصير بالعربية. حافظ على البيانات المذكورة في السياق كما هي تماماً. السياق: Tell the delivery driver to leave the box at Apt 5B and call when they arrive.,يرجى ترك الصندوق عند الشقة 5B والاتصال عند الوصول.,Arabic,Arabic,"[""Apt 5B""]",short polite casual message,"preserve literal dates, codes, names, filenames, and amounts exactly","[""wrong script"", ""changes literal data"", ""English-only response""]",Literal data must be unchanged even if the surrounding language changes.,,,,,,,,,
rpt_audit_021,ar-en,script_register_locale,اكتب رد واتساب قصير بالعربية. حافظ على البيانات المذكورة في السياق كما هي تماماً. السياق: Ask if the shop can keep the order under the name Mira Rao exactly.,هل يمكنكم حفظ الطلب باسم Mira Rao بالضبط؟ شكراً!,Arabic,Arabic,"[""Mira Rao""]",short polite casual message,"preserve literal dates, codes, names, filenames, and amounts exactly","[""wrong script"", ""changes literal data"", ""English-only response""]",Literal data must be unchanged even if the surrounding language changes.,,,,,,,,,
rpt_audit_022,ar-en,script_register_locale,اكتب رد واتساب قصير بالعربية. حافظ على البيانات المذكورة في السياق كما هي تماماً. السياق: Confirm the pickup window is 2-4 PM and the order code is BK-903.,مرحباً، تأكيداً، وقت الاستلام من 2 إلى 4 مساءً ورمز الطلب هو BK-903. شكراً!,Arabic,Arabic,"[""2-4 PM"", ""BK-903""]",short polite casual message,"preserve literal dates, codes, names, filenames, and amounts exactly","[""wrong script"", ""changes literal data"", ""English-only response""]",Literal data must be unchanged even if the surrounding language changes.,,,,,,,,,
rpt_audit_023,ar-en,script_register_locale,اكتب رد واتساب قصير بالعربية. حافظ على البيانات المذكورة في السياق كما هي تماماً. السياق: Confirm the meeting is on 05/07/2026 and ask them not to change the date format.,مرحباً، أرجو تأكيد أن الاجتماع سيكون في 05/07/2026، ويرجى عدم تغيير تنسيق التاريخ. شكراً!,Arabic,Arabic,"[""05/07/2026""]",short polite casual message,"preserve literal dates, codes, names, filenames, and amounts exactly","[""wrong script"", ""changes literal data"", ""English-only response""]",Literal data must be unchanged even if the surrounding language changes.,,,,,,,,,
rpt_audit_024,ar-en,script_register_locale,اكتب رد واتساب قصير بالعربية. حافظ على البيانات المذكورة في السياق كما هي تماماً. السياق: Ask the bank to keep account label Travel_Fund exactly as written.,"رجاءً، يرجى الحفاظ على تسمية الحساب ""Travel_Fund"" كما هي مكتوبة تمامًا.",Arabic,Arabic,"[""Travel_Fund""]",short polite casual message,"preserve literal dates, codes, names, filenames, and amounts exactly","[""wrong script"", ""changes literal data"", ""English-only response""]",Literal data must be unchanged even if the surrounding language changes.,,,,,,,,,
rpt_audit_025,es-en,editing_preservation,"Me ayudas a mejorar este texto para que suene natural? ""Hello, I need to change my appointment because my train was delayed.""","¡Por supuesto! Aquí tienes algunas opciones para que suene más natural:

1. Hi, I need to reschedule my appointment because my train was delayed.
2. Hello, I’d like to change my appointment as my train was delayed.
3. Hi, I need to move my appointment because my train was delayed.
4. Hello, I need to change my appointment due to a train delay.

Cualquiera de estas opciones suena natural y educada. ¿Te gustaría que lo adapte a un contexto más formal o informal?",English,Latin,[],polite appointment message,,"[""translation into instruction language"", ""explanation without rewriting""]",Instruction language differs from content language; output should preserve content language.,,,,,,,,,
rpt_audit_026,es-en,editing_preservation,"Me ayudas a mejorar este texto para que suene natural? ""Hi team, I finished the notes but I am not sure if the conclusion is clear.""","Hi team, I’ve finished the notes, but I’m not sure if the conclusion is clear.",English,Latin,[],clear workplace message,,"[""translation into instruction language"", ""explanation without rewriting""]",Instruction language differs from content language; output should preserve content language.,,,,,,,,,
rpt_audit_027,es-en,editing_preservation,"Me ayudas a mejorar este texto para que suene natural? ""I reviewed the report, and the second chart seems confusing for new readers.""","Claro, aquí tienes una versión más natural y fluida del texto:

""I reviewed the report, and the second chart might be confusing for new readers.""

Si quieres que suene un poco más informal o amigable, también podrías decir:

""I went over the report, and the second chart could be confusing for people who are new to it.""

¿Quieres que lo adapte a un tono más formal o casual?",English,Latin,[],clear editing feedback,,"[""translation into instruction language"", ""explanation without rewriting""]",Instruction language differs from content language; output should preserve content language.,,,,,,,,,
rpt_audit_028,es-en,editing_preservation,"Me ayudas a mejorar este texto para que suene natural? ""Please tell the tenant we fixed the heating issue and will check again tomorrow.""","Claro, aquí tienes una versión más natural del texto:

""Please inform the tenant that we have fixed the heating issue and will check it again tomorrow.""",English,Latin,[],clear maintenance update,,"[""translation into instruction language"", ""explanation without rewriting""]",Instruction language differs from content language; output should preserve content language.,,,,,,,,,
rpt_audit_029,es-en,editing_preservation,"Me ayudas a mejorar este texto para que suene natural? ""Thanks for your help. I will review the invoice and send the missing details tonight.""","Claro, aquí tienes una versión más natural del texto:

""Thanks for your help. I'll review the invoice and send the missing details tonight.""

¿Quieres que sea aún más formal o informal?",English,Latin,[],professional reply,,"[""translation into instruction language"", ""explanation without rewriting""]",Instruction language differs from content language; output should preserve content language.,,,,,,,,,
rpt_audit_030,es-en,editing_preservation,"Me ayudas a mejorar este texto para que suene natural? ""The first paragraph is too long and the final sentence sounds a bit rude.""","Claro, aquí tienes una versión más natural y suave del texto:

""The first paragraph is a bit too long, and the last sentence comes across as a little harsh.""",English,Latin,[],editing feedback,,"[""translation into instruction language"", ""explanation without rewriting""]",Instruction language differs from content language; output should preserve content language.,,,,,,,,,
rpt_audit_031,es-en,output_language_inference,"Corrige solo la frase en inglés. No expliques nada: ""Please let me know if there is any informations missing.""",Please let me know if there is any information missing.,English,Latin,[],corrected sentence only,,"[""translation"", ""explanation without corrected English sentence""]",Equivalent grammatical corrections are acceptable.,,,,,,,,,
rpt_audit_032,es-en,output_language_inference,"Corrige solo la frase en inglés. No expliques nada: ""Please discuss about the schedule before Monday.""",Please discuss the schedule before Monday.,English,Latin,[],corrected sentence only,,"[""translation"", ""explanation without corrected English sentence""]",Equivalent grammatical corrections are acceptable.,,,,,,,,,
rpt_audit_033,es-en,output_language_inference,"Corrige solo la frase en inglés. No expliques nada: ""The data are not enough to support this claim.""",The data is not enough to support this claim.,English,Latin,[],corrected sentence only,,"[""translation"", ""explanation without corrected English sentence""]",Equivalent grammatical corrections are acceptable.,,,,,,,,,
rpt_audit_034,es-en,output_language_inference,"Corrige solo la frase en inglés. No expliques nada: ""This option is more better for small teams.""",This option is better for small teams.,English,Latin,[],corrected sentence only,,"[""translation"", ""explanation without corrected English sentence""]",Equivalent grammatical corrections are acceptable.,,,,,,,,,
rpt_audit_035,es-en,output_language_inference,"Corrige solo la frase en inglés. No expliques nada: ""I am used to work late on Fridays.""",I am used to working late on Fridays.,English,Latin,[],corrected sentence only,,"[""translation"", ""explanation without corrected English sentence""]",Equivalent grammatical corrections are acceptable.,,,,,,,,,
rpt_audit_036,es-en,output_language_inference,"Corrige solo la frase en inglés. No expliques nada: ""This option is more better for small teams.""",This option is better for small teams.,English,Latin,[],corrected sentence only,,"[""translation"", ""explanation without corrected English sentence""]",Equivalent grammatical corrections are acceptable.,,,,,,,,,
rpt_audit_037,es-en,quote_preservation,"Resume esto en español, pero deja los títulos entre comillas exactamente en inglés: The document lists ""Account Settings"" before ""Password Reset"".","El documento menciona ""Account Settings"" antes de ""Password Reset"".",Spanish,Latin,"[""Account Settings"", ""Password Reset""]",neutral concise summary,,"[""translated quoted heading"", ""dropped quoted heading""]",The quoted headings are semantically translatable but must remain exact.,,,,,,,,,
rpt_audit_038,es-en,quote_preservation,"Resume esto en español, pero deja los títulos entre comillas exactamente en inglés: The document lists ""Budget Review"" before ""Community Questions"".","El documento menciona ""Budget Review"" antes de ""Community Questions"".",Spanish,Latin,"[""Budget Review"", ""Community Questions""]",neutral concise summary,,"[""translated quoted heading"", ""dropped quoted heading""]",The quoted headings are semantically translatable but must remain exact.,,,,,,,,,
rpt_audit_039,es-en,quote_preservation,"Resume esto en español, pero deja los títulos entre comillas exactamente en inglés: The document lists ""Safety Guidelines"" before ""Emergency Contact"".","El documento enumera las ""Safety Guidelines"" antes de ""Emergency Contact"".",Spanish,Latin,"[""Safety Guidelines"", ""Emergency Contact""]",neutral concise summary,,"[""translated quoted heading"", ""dropped quoted heading""]",The quoted headings are semantically translatable but must remain exact.,,,,,,,,,
rpt_audit_040,es-en,quote_preservation,"Resume esto en español, pero deja los títulos entre comillas exactamente en inglés: The document lists ""Safety Guidelines"" before ""Emergency Contact"".","El documento enumera las ""Safety Guidelines"" antes de los ""Emergency Contact"".",Spanish,Latin,"[""Safety Guidelines"", ""Emergency Contact""]",neutral concise summary,,"[""translated quoted heading"", ""dropped quoted heading""]",The quoted headings are semantically translatable but must remain exact.,,,,,,,,,
rpt_audit_041,es-en,quote_preservation,"Resume esto en español, pero deja los títulos entre comillas exactamente en inglés: The document lists ""Budget Review"" before ""Community Questions"".","El documento presenta primero la sección de ""Budget Review"" y luego la de ""Community Questions"".",Spanish,Latin,"[""Budget Review"", ""Community Questions""]",neutral concise summary,,"[""translated quoted heading"", ""dropped quoted heading""]",The quoted headings are semantically translatable but must remain exact.,,,,,,,,,
rpt_audit_042,es-en,quote_preservation,"Resume esto en español, pero deja los títulos entre comillas exactamente en inglés: The document lists ""Office Hours"" before ""Makeup Exam"".","El documento enumera ""Office Hours"" antes de ""Makeup Exam"".",Spanish,Latin,"[""Office Hours"", ""Makeup Exam""]",neutral concise summary,,"[""translated quoted heading"", ""dropped quoted heading""]",The quoted headings are semantically translatable but must remain exact.,,,,,,,,,
rpt_audit_043,es-en,script_register_locale,Escribe una respuesta breve en español. Conserva exactamente estos datos si aparecen en el contexto. Context: Ask if the shop can keep the order under the name Mira Rao exactly.,¿Pueden guardar el pedido a nombre de Mira Rao exactamente?,Spanish,Latin,"[""Mira Rao""]",short polite casual message,"preserve literal dates, codes, names, filenames, and amounts exactly","[""wrong script"", ""changes literal data"", ""English-only response""]",Literal data must be unchanged even if the surrounding language changes.,,,,,,,,,
rpt_audit_044,es-en,script_register_locale,Escribe una respuesta breve en español. Conserva exactamente estos datos si aparecen en el contexto. Context: Tell a friend I paid ₹500 and will send the receipt tomorrow.,"Hola, ya pagué ₹500 y mañana te envío el recibo.",Spanish,Latin,"[""₹500""]",short polite casual message,"preserve literal dates, codes, names, filenames, and amounts exactly","[""wrong script"", ""changes literal data"", ""English-only response""]",Literal data must be unchanged even if the surrounding language changes.,,,,,,,,,
rpt_audit_045,es-en,script_register_locale,Escribe una respuesta breve en español. Conserva exactamente estos datos si aparecen en el contexto. Context: Ask if the clinic can move my visit to 10:30 AM without changing the appointment number INV-2048.,¿Podrían cambiar mi cita al 10:30 AM sin modificar el número de cita INV-2048? Gracias.,Spanish,Latin,"[""10:30 AM"", ""INV-2048""]",short polite casual message,"preserve literal dates, codes, names, filenames, and amounts exactly","[""wrong script"", ""changes literal data"", ""English-only response""]",Literal data must be unchanged even if the surrounding language changes.,,,,,,,,,
rpt_audit_046,es-en,script_register_locale,Escribe una respuesta breve en español. Conserva exactamente estos datos si aparecen en el contexto. Context: Tell HR I can start on June 12 and the employee ID QR-77 should stay the same.,Pueden informar a Recursos Humanos que puedo comenzar el 12 de junio y que el ID de empleado QR-77 debe mantenerse igual.,Spanish,Latin,"[""June 12"", ""QR-77""]",short polite casual message,"preserve literal dates, codes, names, filenames, and amounts exactly","[""wrong script"", ""changes literal data"", ""English-only response""]",Literal data must be unchanged even if the surrounding language changes.,,,,,,,,,
rpt_audit_047,es-en,script_register_locale,Escribe una respuesta breve en español. Conserva exactamente estos datos si aparecen en el contexto. Context: Tell the delivery driver to leave the box at Apt 5B and call when they arrive.,"Por favor, deje la caja en el Apt 5B y llame cuando llegue.",Spanish,Latin,"[""Apt 5B""]",short polite casual message,"preserve literal dates, codes, names, filenames, and amounts exactly","[""wrong script"", ""changes literal data"", ""English-only response""]",Literal data must be unchanged even if the surrounding language changes.,,,,,,,,,
rpt_audit_048,es-en,script_register_locale,Escribe una respuesta breve en español. Conserva exactamente estos datos si aparecen en el contexto. Context: Tell my classmate that the file name draft_v2.pdf should stay unchanged.,El nombre del archivo draft_v2.pdf debe mantenerse sin cambios.,Spanish,Latin,"[""draft_v2.pdf""]",short polite casual message,"preserve literal dates, codes, names, filenames, and amounts exactly","[""wrong script"", ""changes literal data"", ""English-only response""]",Literal data must be unchanged even if the surrounding language changes.,,,,,,,,,
rpt_audit_049,hi-en,editing_preservation,"Is text ko natural aur polished bana do: ""Hi team, I finished the notes but I am not sure if the conclusion is clear.""","Sure! Here’s a more natural and polished version:

""Hi team, I’ve finished the notes, but I’m not sure if the conclusion is clear. Please let me know your thoughts.""",English,Latin,[],clear workplace message,,"[""translation into instruction language"", ""explanation without rewriting""]",Instruction language differs from content language; output should preserve content language.,,,,,,,,,
rpt_audit_050,hi-en,editing_preservation,"Is text ko natural aur polished bana do: ""I can't join the call today, but I can share my update by email.""","I won’t be able to join the call today, but I can share my update via email.",English,Latin,[],concise workplace update,,"[""translation into instruction language"", ""explanation without rewriting""]",Instruction language differs from content language; output should preserve content language.,,,,,,,,,
rpt_audit_051,hi-en,editing_preservation,"Is text ko natural aur polished bana do: ""Hi team, I finished the notes but I am not sure if the conclusion is clear.""","Sure! Here's a more natural and polished version of your sentence:

""Hi team, I’ve finished the notes, but I’m not sure if the conclusion is clear.""",English,Latin,[],clear workplace message,,"[""translation into instruction language"", ""explanation without rewriting""]",Instruction language differs from content language; output should preserve content language.,,,,,,,,,
rpt_audit_052,hi-en,editing_preservation,"Is text ko natural aur polished bana do: ""The first paragraph is too long and the final sentence sounds a bit rude.""","The first paragraph is too lengthy, and the final sentence comes across as somewhat harsh.",English,Latin,[],editing feedback,,"[""translation into instruction language"", ""explanation without rewriting""]",Instruction language differs from content language; output should preserve content language.,,,,,,,,,
rpt_audit_053,hi-en,editing_preservation,"Is text ko natural aur polished bana do: ""I need to ask my manager for one more day to finish the slide deck.""","Sure! Here's a more natural and polished version of your sentence:

""I need to request an extra day from my manager to complete the slide deck.""",English,Latin,[],polite workplace request,,"[""translation into instruction language"", ""explanation without rewriting""]",Instruction language differs from content language; output should preserve content language.,,,,,,,,,
rpt_audit_054,hi-en,editing_preservation,"Is text ko natural aur polished bana do: ""Please tell the tenant we fixed the heating issue and will check again tomorrow.""","Please inform the tenant that the heating issue has been resolved, and we will check it again tomorrow.",English,Latin,[],clear maintenance update,,"[""translation into instruction language"", ""explanation without rewriting""]",Instruction language differs from content language; output should preserve content language.,,,,,,,,,
rpt_audit_055,hi-en,output_language_inference,"Sirf corrected English sentence do, explanation nahi: ""The team have finished its review.""",The team has finished its review.,English,Latin,[],corrected sentence only,,"[""translation"", ""explanation without corrected English sentence""]",Equivalent grammatical corrections are acceptable.,,,,,,,,,
rpt_audit_056,hi-en,output_language_inference,"Sirf corrected English sentence do, explanation nahi: ""The data are not enough to support this claim.""",The data are not sufficient to support this claim.,English,Latin,[],corrected sentence only,,"[""translation"", ""explanation without corrected English sentence""]",Equivalent grammatical corrections are acceptable.,,,,,,,,,
rpt_audit_057,hi-en,output_language_inference,"Sirf corrected English sentence do, explanation nahi: ""This option is more better for small teams.""",This option is better for small teams.,English,Latin,[],corrected sentence only,,"[""translation"", ""explanation without corrected English sentence""]",Equivalent grammatical corrections are acceptable.,,,,,,,,,
rpt_audit_058,hi-en,output_language_inference,"Sirf corrected English sentence do, explanation nahi: ""Each of the students have submitted their form.""",Each of the students has submitted their form.,English,Latin,[],corrected sentence only,,"[""translation"", ""explanation without corrected English sentence""]",Equivalent grammatical corrections are acceptable.,,,,,,,,,
rpt_audit_059,hi-en,output_language_inference,"Sirf corrected English sentence do, explanation nahi: ""This feedback is more clear than the last version.""",This feedback is clearer than the last version.,English,Latin,[],corrected sentence only,,"[""translation"", ""explanation without corrected English sentence""]",Equivalent grammatical corrections are acceptable.,,,,,,,,,
rpt_audit_060,hi-en,output_language_inference,"Sirf corrected English sentence do, explanation nahi: ""Neither of the answers are correct.""",Neither of the answers is correct.,English,Latin,[],corrected sentence only,,"[""translation"", ""explanation without corrected English sentence""]",Equivalent grammatical corrections are acceptable.,,,,,,,,,
rpt_audit_061,hi-en,quote_preservation,"Hindi mein short summary do, Latin script only. Quoted headings ko exactly English mein rakho: The document lists ""Office Hours"" before ""Makeup Exam"".","Document mein pehle ""Office Hours"" ki details di gayi hain, jismein bataya gaya hai ki students apne doubts clear karne ke liye instructor se mil sakte hain. Iske baad ""Makeup Exam"" ke baare mein information di gayi hai, jismein bataya gaya hai ki agar koi student regular exam miss kar deta hai toh uske liye makeup exam ka option available hai.",Hindi/Hinglish,Latin,"[""Office Hours"", ""Makeup Exam""]",neutral concise summary,,"[""translated quoted heading"", ""dropped quoted heading""]",The quoted headings are semantically translatable but must remain exact.,,,,,,,,,
rpt_audit_062,hi-en,quote_preservation,"Hindi mein short summary do, Latin script only. Quoted headings ko exactly English mein rakho: The document lists ""Visitor Guidelines"" before ""Check-In Desk"".","Document mein pehle ""Visitor Guidelines"" diye gaye hain, uske baad ""Check-In Desk"" ki jankari di gayi hai.",Hindi/Hinglish,Latin,"[""Visitor Guidelines"", ""Check-In Desk""]",neutral concise summary,,"[""translated quoted heading"", ""dropped quoted heading""]",The quoted headings are semantically translatable but must remain exact.,,,,,,,,,
rpt_audit_063,hi-en,quote_preservation,"Hindi mein short summary do, Latin script only. Quoted headings ko exactly English mein rakho: The document lists ""Health Benefits"" before ""Enrollment Form"".","Document mein pehle ""Health Benefits"" diye gaye hain, jisme swasthya se judi suvidhaon ka varnan hai. Uske baad ""Enrollment Form"" diya gaya hai, jisme bharti karne ke liye avashyak jankari bharni hoti hai.",Hindi/Hinglish,Latin,"[""Health Benefits"", ""Enrollment Form""]",neutral concise summary,,"[""translated quoted heading"", ""dropped quoted heading""]",The quoted headings are semantically translatable but must remain exact.,,,,,,,,,
rpt_audit_064,hi-en,quote_preservation,"Hindi mein short summary do, Latin script only. Quoted headings ko exactly English mein rakho: The document lists ""Visitor Guidelines"" before ""Check-In Desk"".","Document mein ""Visitor Guidelines"" diye gaye hain jo aane wale logon ke liye niyam aur suvidhaon ko batate hain. Iske baad ""Check-In Desk"" ka zikr hai jahan par visitors apna registration karwate hain.",Hindi/Hinglish,Latin,"[""Visitor Guidelines"", ""Check-In Desk""]",neutral concise summary,,"[""translated quoted heading"", ""dropped quoted heading""]",The quoted headings are semantically translatable but must remain exact.,,,,,,,,,
rpt_audit_065,hi-en,quote_preservation,"Hindi mein short summary do, Latin script only. Quoted headings ko exactly English mein rakho: The document lists ""Budget Review"" before ""Community Questions"".","""Budget Review"" ke section mein, budget ke vishay mein chhoti jaankari di gayi hai, jisme kharche aur aamdani ke baare mein charcha ki gayi hai. Ismein aane wale mahino ke liye financial planning aur budget allocation ke baare mein bhi bataya gaya hai. 

""Community Questions"" ke section mein, samudaay ke logon ke prashn aur unke jawab diye gaye hain. Logon ne apne sawal puchhe aur prashn ke uttar mein vistar se jaankari di gayi hai. Yeh section samudaay ke logon ke beech samvaad aur sahyog ko badhava deta hai.",Hindi/Hinglish,Latin,"[""Budget Review"", ""Community Questions""]",neutral concise summary,,"[""translated quoted heading"", ""dropped quoted heading""]",The quoted headings are semantically translatable but must remain exact.,,,,,,,,,
rpt_audit_066,hi-en,quote_preservation,"Hindi mein short summary do, Latin script only. Quoted headings ko exactly English mein rakho: The document lists ""Course Requirements"" before ""Final Exam"".","Is document mein ""Course Requirements"" ki list di gayi hai, jo ""Final Exam"" se pehle aati hai.",Hindi/Hinglish,Latin,"[""Course Requirements"", ""Final Exam""]",neutral concise summary,,"[""translated quoted heading"", ""dropped quoted heading""]",The quoted headings are semantically translatable but must remain exact.,,,,,,,,,
rpt_audit_067,hi-en,script_register_locale,"Hindi mein short WhatsApp reply likho, Latin script only, no Devanagari. Context mein exact data same rakhna. Context: Tell my classmate that the file name draft_v2.pdf should stay unchanged.","File ka naam draft_v2.pdf waise hi rehne do, change mat karo.",Hindi/Hinglish,Latin,"[""draft_v2.pdf""]",short polite casual message,"preserve literal dates, codes, names, filenames, and amounts exactly","[""wrong script"", ""changes literal data"", ""English-only response""]",Literal data must be unchanged even if the surrounding language changes.,,,,,,,,,
rpt_audit_068,hi-en,script_register_locale,"Hindi mein short WhatsApp reply likho, Latin script only, no Devanagari. Context mein exact data same rakhna. Context: Ask the bank to keep account label Travel_Fund exactly as written.","Please account label ""Travel_Fund"" ko bilkul isi tarah rakhna.",Hindi/Hinglish,Latin,"[""Travel_Fund""]",short polite casual message,"preserve literal dates, codes, names, filenames, and amounts exactly","[""wrong script"", ""changes literal data"", ""English-only response""]",Literal data must be unchanged even if the surrounding language changes.,,,,,,,,,
rpt_audit_069,hi-en,script_register_locale,"Hindi mein short WhatsApp reply likho, Latin script only, no Devanagari. Context mein exact data same rakhna. Context: Confirm the pickup window is 2-4 PM and the order code is BK-903.","Pickup window 2-4 PM hai, order code BK-903 confirm hai.",Hindi/Hinglish,Latin,"[""2-4 PM"", ""BK-903""]",short polite casual message,"preserve literal dates, codes, names, filenames, and amounts exactly","[""wrong script"", ""changes literal data"", ""English-only response""]",Literal data must be unchanged even if the surrounding language changes.,,,,,,,,,
rpt_audit_070,hi-en,script_register_locale,"Hindi mein short WhatsApp reply likho, Latin script only, no Devanagari. Context mein exact data same rakhna. Context: Say the booking code ABC-17 is correct and I will arrive after lunch.","Booking code ABC-17 sahi hai, main lunch ke baad pahunch jaunga.",Hindi/Hinglish,Latin,"[""ABC-17""]",short polite casual message,"preserve literal dates, codes, names, filenames, and amounts exactly","[""wrong script"", ""changes literal data"", ""English-only response""]",Literal data must be unchanged even if the surrounding language changes.,,,,,,,,,
rpt_audit_071,hi-en,script_register_locale,"Hindi mein short WhatsApp reply likho, Latin script only, no Devanagari. Context mein exact data same rakhna. Context: Tell a friend I paid ₹500 and will send the receipt tomorrow.","Theek hai, maine ₹500 pay kiye hain. Kal receipt bhej dunga.",Hindi/Hinglish,Latin,"[""₹500""]",short polite casual message,"preserve literal dates, codes, names, filenames, and amounts exactly","[""wrong script"", ""changes literal data"", ""English-only response""]",Literal data must be unchanged even if the surrounding language changes.,,,,,,,,,
rpt_audit_072,hi-en,script_register_locale,"Hindi mein short WhatsApp reply likho, Latin script only, no Devanagari. Context mein exact data same rakhna. Context: Tell HR I can start on June 12 and the employee ID QR-77 should stay the same.","Sure! Here's a short WhatsApp reply in Hindi using Latin script:

""Hello, HR. Main 12 June se shuru kar sakta hoon. Employee ID QR-77 wahi rahegi. Dhanyavaad.""",Hindi/Hinglish,Latin,"[""June 12"", ""QR-77""]",short polite casual message,"preserve literal dates, codes, names, filenames, and amounts exactly","[""wrong script"", ""changes literal data"", ""English-only response""]",Literal data must be unchanged even if the surrounding language changes.,,,,,,,,,
